empresa;lat;long;actividad;todo
ALMACÉN EL TIGRE;14.557873; -90.545707;Confección;ALMACÉN EL TIGRE     Confección
ARGO INDUSTRIAS;;;Confección;ARGO INDUSTRIAS     Confección
ARIM APPAREL, S.A.;;;Confección;ARIM APPAREL, S.A.     Confección
ARTE Y CONFECCIÓN, S.A.;;;Confección;ARTE Y CONFECCIÓN, S.A.     Confección
AUGUSTO UNLIMITED, S.A.;;;Confección;AUGUSTO UNLIMITED, S.A.     Confección
BANDO FASHION, S.A.;;;Confección;BANDO FASHION, S.A.     Confección
B-HEIM GUATEMALA, S.A.;;;Confección;B-HEIM GUATEMALA, S.A.     Confección
BIENNO, S.A.;;;Confección;BIENNO, S.A.     Confección
BOLIM ACTIVEWEAR, S.A.;;;Confección;BOLIM ACTIVEWEAR, S.A.     Confección
BONATEX, S.A.;;;Confección;BONATEX, S.A.     Confección
C SITE TEXPIA, S.A.;;;Confección;C SITE TEXPIA, S.A.     Confección
C.S.A. TEXTILES S.A.;;;Confección;C.S.A. TEXTILES S.A.     Confección
CENTEXSA, S.A.;;;Confección;CENTEXSA, S.A.     Confección
CICLADAS GROUP, S.A.;;;Confección;CICLADAS GROUP, S.A.     Confección
CIELO INTERNATIONAL, S.A.;;;Confección;CIELO INTERNATIONAL, S.A.     Confección
COMERCIAL OR Y CIA. LTDA.;;;Confección;COMERCIAL OR Y CIA. LTDA.     Confección
COMPAÑÍA DE MAQUILA, S.A.;;;Confección;COMPAÑÍA DE MAQUILA, S.A.     Confección
COMPUTACIÓN DE CENTRO EDUCATIVO GETSEMANÍ COMPUCEG;;;Confección;COMPUTACIÓN DE CENTRO EDUCATIVO GETSEMANÍ COMPUCEG     Confección
CONCEPTOS TEXTILES, S.A.;;;Confección;CONCEPTOS TEXTILES, S.A.     Confección
CONFECCIONES EL BUEN PASTOR;;;Confección;CONFECCIONES EL BUEN PASTOR     Confección
CONFECCIONES ESCOBAR Y ALECIO, S.A. (CONFESA);;;Confección;CONFECCIONES ESCOBAR Y ALECIO, S.A. (CONFESA)     Confección
CONFECCIONES GUATEMALA S.A.;;;Confección;CONFECCIONES GUATEMALA S.A.     Confección
CONFECCIONES ISA;;;Confección;CONFECCIONES ISA     Confección
CONFECCIONES JUNIOR;;;Confección;CONFECCIONES JUNIOR     Confección
CONFECCIONES LA ELEGANTE, S.A.;;;Confección;CONFECCIONES LA ELEGANTE, S.A.     Confección
CONFECCIONES MÁQUINAS Y SERVICIOS;;;Confección;CONFECCIONES MÁQUINAS Y SERVICIOS     Confección
CONFECCIONES MARCK;;;Confección;CONFECCIONES MARCK     Confección
CONFECCIONES MODERNAS;;;Confección;CONFECCIONES MODERNAS     Confección
CORPORACIÓN BADEL CENTRO AMÉRICA, S.A;;;Confección;CORPORACIÓN BADEL CENTRO AMÉRICA, S.A     Confección
CORPORACIÓN INDYKNIT, S.A.;;;Confección;CORPORACIÓN INDYKNIT, S.A.     Confección
CUSTOM MADE SERVICES, S.A. / BV FULL PACKAGE, S.A.;;;Confección;CUSTOM MADE SERVICES, S.A. / BV FULL PACKAGE, S.A.     Confección
DENIMATRIX, S.A.;;;Confección;DENIMATRIX, S.A.     Confección
DENIMVILLE, S.A.;;;Confección;DENIMVILLE, S.A.     Confección
DISEÑOS ALBERTH;;;Confección;DISEÑOS ALBERTH     Confección
DOBLE INTERNACIONAL, S.A.;;;Confección;DOBLE INTERNACIONAL, S.A.     Confección
EBENEZER INTERNACIONAL, S.A.;;;Confección;EBENEZER INTERNACIONAL, S.A.     Confección
EDEL FASHION, S.A.;;;Confección;EDEL FASHION, S.A.     Confección
EFITEX, S.A.;;;Confección;EFITEX, S.A.     Confección
EL ZEPPELÍN, S.A.;;;Confección;EL ZEPPELÍN, S.A.     Confección
ELIM, S.A.;;;Confección;ELIM, S.A.     Confección
ESQUA, S.A.;;;Confección;ESQUA, S.A.     Confección
ESTRELLA, S.A;;;Confección;ESTRELLA, S.A     Confección
FÁBRICA DE CAMISAS MARQUENSITA;;;Confección;FÁBRICA DE CAMISAS MARQUENSITA     Confección
FASHION YOHAN, S.A.;;;Confección;FASHION YOHAN, S.A.     Confección
FINA, S.A.;;;Confección;FINA, S.A.     Confección
G & V CORPORACIÓN, S.A.;;;Confección;G & V CORPORACIÓN, S.A.     Confección
GLOBAL OB, S.A.;;;Confección;GLOBAL OB, S.A.     Confección
GLOBAL SCREEN PRINTING S.A.;;;Confección;GLOBAL SCREEN PRINTING S.A.     Confección
GLORY INTERNATIONAL;;;Confección;GLORY INTERNATIONAL     Confección
GRAND APPAREL, S.A.;;;Confección;GRAND APPAREL, S.A.     Confección
GRAND TEXTILE GUATEMALA, S.A.;;;Confección;GRAND TEXTILE GUATEMALA, S.A.     Confección
HANAH TRADING S.A.;;;Confección;HANAH TRADING S.A.     Confección
HANSAE GLOBAL, S.A.;;;Confección;HANSAE GLOBAL, S.A.     Confección
HANSAE PINULA, S.A.;;;Confección;HANSAE PINULA, S.A.     Confección
HILOS DE LA COLINA, S.A. (HICOSA);;;Confección;HILOS DE LA COLINA, S.A. (HICOSA)     Confección
HOTEL SUPPLY COMPANY, S.A.;;;Confección;HOTEL SUPPLY COMPANY, S.A.     Confección
HWA IN INTERNATIONAL, S.A.;;;Confección;HWA IN INTERNATIONAL, S.A.     Confección
HYUN JIN, S.A.;;;Confección;HYUN JIN, S.A.     Confección
IDN, S.A.;;;Confección;IDN, S.A.     Confección
IMPERIAL GROUP;;;Confección;IMPERIAL GROUP     Confección
INDORE, S.A.;;;Confección;INDORE, S.A.     Confección
INDUSTRIA TEXTIL DE LOS ALTOS, S.A.;;;Confección;INDUSTRIA TEXTIL DE LOS ALTOS, S.A.     Confección
INDUSTRIAL HANA, S.A.;;;Confección;INDUSTRIAL HANA, S.A.     Confección
INDUSTRIAS AJCIGINAC SACTIC, S.A. (INDASA);;;Confección;INDUSTRIAS AJCIGINAC SACTIC, S.A. (INDASA)     Confección
INDUSTRIAS AJIN;;;Confección;INDUSTRIAS AJIN     Confección
INDUSTRIAS ASSILEM, S.A.;;;Confección;INDUSTRIAS ASSILEM, S.A.     Confección
INDUSTRIAS CHICHIMECAS, S.A.;;;Confección;INDUSTRIAS CHICHIMECAS, S.A.     Confección
INDUSTRIAS DE NYLON Y TEXTILES, S.A.;;;Confección;INDUSTRIAS DE NYLON Y TEXTILES, S.A.     Confección
INDUSTRIAS ELI'S;;;Confección;INDUSTRIAS ELI'S     Confección
INNOVAMODA, S.A.;;;Confección;INNOVAMODA, S.A.     Confección
INO INNOVATION;;;Confección;INO INNOVATION     Confección
INT, S.A.;;;Confección;INT, S.A.     Confección
INTEBONSA, S.A.;;;Confección;INTEBONSA, S.A.     Confección
INVERSIONES CASTA, S.A. (DigitalPRO);;;Confección;INVERSIONES CASTA, S.A. (DigitalPRO)     Confección
INVERSIONES CODITEX, S.A.;;;Confección;INVERSIONES CODITEX, S.A.     Confección
J. APPAREL, S.A.;;;Confección;J. APPAREL, S.A.     Confección
J.H. TRADING, S.A.;;;Confección;J.H. TRADING, S.A.     Confección
JC CORPORACIÓN, S.A.;;;Confección;JC CORPORACIÓN, S.A.     Confección
JINA TEXTILES, S.A.;;;Confección;JINA TEXTILES, S.A.     Confección
JNB TRADING, S.A.;;;Confección;JNB TRADING, S.A.     Confección
JS INTERNATIONAL, S.A.;;;Confección;JS INTERNATIONAL, S.A.     Confección
JS TEXTIL;;;Confección;JS TEXTIL     Confección
JUDITEX, S.A.;;;Confección;JUDITEX, S.A.     Confección
K FRANS, S.A.;;;Confección;K FRANS, S.A.     Confección
K&H MODAS, S.A.;;;Confección;K&H MODAS, S.A.     Confección
K.P. TEXTIL GUATEMALA, S.A.;;;Confección;K.P. TEXTIL GUATEMALA, S.A.     Confección
KL PRIMETEX GUATEMALA S.A.;;;Confección;KL PRIMETEX GUATEMALA S.A.     Confección
KMI, S.A. (ARROW);;;Confección;KMI, S.A. (ARROW)     Confección
KOA MODAS, S.A.;;;Confección;KOA MODAS, S.A.     Confección
KST INTERNATIONAL, S.A.;;;Confección;KST INTERNATIONAL, S.A.     Confección
KV GUATEMALA, S.A.;;;Confección;KV GUATEMALA, S.A.     Confección
KV TEXTILES, S.A.;;;Confección;KV TEXTILES, S.A.     Confección
KV TRADING;;;Confección;KV TRADING     Confección
MADA INDUSTRIAS GUATEMALA, S. A.;;;Confección;MADA INDUSTRIAS GUATEMALA, S. A.     Confección
MANUFACTURAS VISTA AL MAR, S.A.;;;Confección;MANUFACTURAS VISTA AL MAR, S.A.     Confección
MATA TEXTILES, S.A.;;;Confección;MATA TEXTILES, S.A.     Confección
"MAYAN VILLAGE CRAFT ""MAVICRA""";;;Confección;"MAYAN VILLAGE CRAFT ""MAVICRA""     Confección"
MD APPAREL, S.A.;;;Confección;MD APPAREL, S.A.     Confección
MFM GUATEMALA, S.A.;;;Confección;MFM GUATEMALA, S.A.     Confección
MI LAE TECH GLOBAL, S.A.;;;Confección;MI LAE TECH GLOBAL, S.A.     Confección
MILAGRO GUATEMALA, S.A.;;;Confección;MILAGRO GUATEMALA, S.A.     Confección
MODA SPORT, S. A.;;;Confección;MODA SPORT, S. A.     Confección
MODAS B.I. APPAREL, S.A.;;;Confección;MODAS B.I. APPAREL, S.A.     Confección
MODAS ESTRELLA, S.A.;;;Confección;MODAS ESTRELLA, S.A.     Confección
MODAS GBY, S.A.;;;Confección;MODAS GBY, S.A.     Confección
MODAS KOTOP, S. A.;;;Confección;MODAS KOTOP, S. A.     Confección
MODAS KUMBORA, S.A.;;;Confección;MODAS KUMBORA, S.A.     Confección
MODAS SHALOM, S.A;;;Confección;MODAS SHALOM, S.A     Confección
MODAS SML;;;Confección;MODAS SML     Confección
MODAS YIEN HU, S.A.;;;Confección;MODAS YIEN HU, S.A.     Confección
MULTICOSTURAS MARBELYS, S.A.;;;Confección;MULTICOSTURAS MARBELYS, S.A.     Confección
NALU TEXTILES, S.A.;;;Confección;NALU TEXTILES, S.A.     Confección
NAMSAN, S.A. (DAMOA);;;Confección;NAMSAN, S.A. (DAMOA)     Confección
NEGOCIOS INDUSTRIALES TEXTILES, S.A.;;;Confección;NEGOCIOS INDUSTRIALES TEXTILES, S.A.     Confección
NOBEL TEXTIL, S.A.;;;Confección;NOBEL TEXTIL, S.A.     Confección
NOVA CREATION, S.A.;;;Confección;NOVA CREATION, S.A.     Confección
OK MODAS, S.A.;;;Confección;OK MODAS, S.A.     Confección
PANAMERICAN TEXTIL II, S.A./ TEXPAN;;;Confección;PANAMERICAN TEXTIL II, S.A./ TEXPAN     Confección
PRIMAVERA INTERNATIONAL, S.A.;;;Confección;PRIMAVERA INTERNATIONAL, S.A.     Confección
PRODITEXSA;;;Confección;PRODITEXSA     Confección
SAE A TEXPIA, S.A. (I);;;Confección;SAE A TEXPIA, S.A. (I)     Confección
SAE A TEXPIA, S.A. (II);;;Confección;SAE A TEXPIA, S.A. (II)     Confección
SAE A TEXPIA, S.A. (III);;;Confección;SAE A TEXPIA, S.A. (III)     Confección
SAM JEAN T&S, S.A.;;;Confección;SAM JEAN T&S, S.A.     Confección
SAM SOL, S.A.;;;Confección;SAM SOL, S.A.     Confección
SAMS & RUDIA / JNB GLOBAL;;;Confección;SAMS & RUDIA / JNB GLOBAL     Confección
SC 33 APPAREL, S.A.;;;Confección;SC 33 APPAREL, S.A.     Confección
SEUNG RHEE, S.A.;;;Confección;SEUNG RHEE, S.A.     Confección
SHINWON ACE, S.A. ;;;Confección;SHINWON ACE, S.A.      Confección
SHINWON GT, S.A.;;;Confección;SHINWON GT, S.A.     Confección
SHORELINE TEXTILES,S.A.;;;Confección;SHORELINE TEXTILES,S.A.     Confección
SILKO GUATEMALA, S.A.;;;Confección;SILKO GUATEMALA, S.A.     Confección
SOEWON INTERNATIONAL S.A.;;;Confección;SOEWON INTERNATIONAL S.A.     Confección
SQA & KC INTERNATIONAL, S.A.;;;Confección;SQA & KC INTERNATIONAL, S.A.     Confección
SSS FASHION;;;Confección;SSS FASHION     Confección
STARTEX, S.A. / TEXTIVISION S.A.;;;Confección;STARTEX, S.A. / TEXTIVISION S.A.     Confección
T.O.G., S.A.;;;Confección;T.O.G., S.A.     Confección
TAE RIM, S.A.;;;Confección;TAE RIM, S.A.     Confección
TECNOFASHION, S.A.;;;Confección;TECNOFASHION, S.A.     Confección
TEJIDOS PRALÍN, S.A.;;;Confección;TEJIDOS PRALÍN, S.A.     Confección
TEXFOR, S.A.;;;Confección;TEXFOR, S.A.     Confección
TEXTILES DEL SOL, S.A.;;;Confección;TEXTILES DEL SOL, S.A.     Confección
TEXTILES EMET, S.A.;;;Confección;TEXTILES EMET, S.A.     Confección
TEXTILES LN;;;Confección;TEXTILES LN     Confección
TEXTILES TAN, S.A.;;;Confección;TEXTILES TAN, S.A.     Confección
TEXTILES VIGA, S.A.;;;Confección;TEXTILES VIGA, S.A.     Confección
TEXTILES WON, S.A.;;;Confección;TEXTILES WON, S.A.     Confección
TIKAL COSTURA, S.A.;;;Confección;TIKAL COSTURA, S.A.     Confección
TOP APPAREL, S.A.;;;Confección;TOP APPAREL, S.A.     Confección
UNIFORMES Y PROMOCIONALES TEXTILES S.A.;;;Confección;UNIFORMES Y PROMOCIONALES TEXTILES S.A.     Confección
VICTORIA APPAREL, S.A.;;;Confección;VICTORIA APPAREL, S.A.     Confección
VICTORIA GARMENT, S.A.;;;Confección;VICTORIA GARMENT, S.A.     Confección
WINDS GROUP;;;Confección;WINDS GROUP     Confección
WINNERS, S.A.;;;Confección;WINNERS, S.A.     Confección
Y & P TEXTILES, S.A.;;;Confección;Y & P TEXTILES, S.A.     Confección
YETEX, S.A.;;;Confección;YETEX, S.A.     Confección
YOUNG NAM, S.A. (I);;;Confección;YOUNG NAM, S.A. (I)     Confección
YOUNG NAM, S.A. (II);;;Confección;YOUNG NAM, S.A. (II)     Confección
ZERIGRAPH, S.A.;;;Confección;ZERIGRAPH, S.A.     Confección
ESTILO QUETZAL;;;Oficina de clientes y marcas;ESTILO QUETZAL     Oficina de clientes y marcas
JASPE;;;Oficina de clientes y marcas;JASPE     Oficina de clientes y marcas
JC PENNEY DE GUATEMALA, S.A.;;;Oficina de clientes y marcas;JC PENNEY DE GUATEMALA, S.A.     Oficina de clientes y marcas
JESSICA VELASCO;;;Oficina de clientes y marcas;JESSICA VELASCO     Oficina de clientes y marcas
KORBATA;;;Oficina de clientes y marcas;KORBATA     Oficina de clientes y marcas
LI & FUNG GUATEMALA;;;Oficina de clientes y marcas;LI & FUNG GUATEMALA     Oficina de clientes y marcas
LIA Y CO, S.A.;;;Oficina de clientes y marcas;LIA Y CO, S.A.     Oficina de clientes y marcas
LS QUETZAL;;;Oficina de clientes y marcas;LS QUETZAL     Oficina de clientes y marcas
MAIZ Y MATIZ;;;Oficina de clientes y marcas;MAIZ Y MATIZ     Oficina de clientes y marcas
MIOLI;;;Oficina de clientes y marcas;MIOLI     Oficina de clientes y marcas
MONA;;;Oficina de clientes y marcas;MONA     Oficina de clientes y marcas
MOONLIGHT OUTDOOR;;;Oficina de clientes y marcas;MOONLIGHT OUTDOOR     Oficina de clientes y marcas
NAM;;;Oficina de clientes y marcas;NAM     Oficina de clientes y marcas
PACIFIC BUYING AND MARKETING SERVICE GUATEMALA;;;Oficina de clientes y marcas;PACIFIC BUYING AND MARKETING SERVICE GUATEMALA     Oficina de clientes y marcas
SROTHSCHILD INC.;;;Oficina de clientes y marcas;SROTHSCHILD INC.     Oficina de clientes y marcas
TARGET SOURCING SERVICES GUATEMALA Y COMPAÑÍA LIMITADA, S.A.;;;Oficina de clientes y marcas;TARGET SOURCING SERVICES GUATEMALA Y COMPAÑÍA LIMITADA, S.A.     Oficina de clientes y marcas
VESSEL;;;Oficina de clientes y marcas;VESSEL     Oficina de clientes y marcas
WALMART GLOBAL SOURCING;;;Oficina de clientes y marcas;WALMART GLOBAL SOURCING     Oficina de clientes y marcas
AMÉRICA TEXTIL, S.A. (AMETEX);;;Textileras;AMÉRICA TEXTIL, S.A. (AMETEX)     Textileras
FRAZIMA INTERNACIONAL, S.A.;;;Textileras;FRAZIMA INTERNACIONAL, S.A.     Textileras
GAMA TEXTIL S.A.;;;Textileras;GAMA TEXTIL S.A.     Textileras
GLOBAL TEXTILES, S.A.;;;Textileras;GLOBAL TEXTILES, S.A.     Textileras
HILERA TEXTIL, S.A;;;Textileras;HILERA TEXTIL, S.A     Textileras
HILOS DE LA COLINA, S.A. (HICOSA);;;Textileras;HILOS DE LA COLINA, S.A. (HICOSA)     Textileras
HILOS ESPECIALIZADOS;;;Textileras;HILOS ESPECIALIZADOS     Textileras
ICITEX, S.A.;;;Textileras;ICITEX, S.A.     Textileras
IMPERIAL GROUP;;;Textileras;IMPERIAL GROUP     Textileras
INDUSTRIA TEXTIL DE LOS ALTOS, S.A.;;;Textileras;INDUSTRIA TEXTIL DE LOS ALTOS, S.A.     Textileras
INDUSTRIA TEXTIL S.A.;;;Textileras;INDUSTRIA TEXTIL S.A.     Textileras
INDUSTRIAS ITALTEX, S.A.;;;Textileras;INDUSTRIAS ITALTEX, S.A.     Textileras
IRIS TEXTILES / THE NEW DENIM PROJECT;;;Textileras;IRIS TEXTILES / THE NEW DENIM PROJECT     Textileras
J.W. TEXTILES, S.A.;;;Textileras;J.W. TEXTILES, S.A.     Textileras
JS TEXTILE, S.A.;;;Textileras;JS TEXTILE, S.A.     Textileras
KNITOPIA, S.A.;;;Textileras;KNITOPIA, S.A.     Textileras
KYONG GI, S.A.;;;Textileras;KYONG GI, S.A.     Textileras
LACETEX, S.A.;;;Textileras;LACETEX, S.A.     Textileras
LIZTEX;;;Textileras;LIZTEX     Textileras
MANUFACTURAS TEXTILES PERFECTA, S.A.;;;Textileras;MANUFACTURAS TEXTILES PERFECTA, S.A.     Textileras
MEGA TEXTIL´S, S.A.;;;Textileras;MEGA TEXTIL´S, S.A.     Textileras
RECEPTOR INDUSTRIAL, S.A.;;;Textileras;RECEPTOR INDUSTRIAL, S.A.     Textileras
SHINWON GT, S.A.;;;Textileras;SHINWON GT, S.A.     Textileras
TECNOLOGÍA TEXTIL AVANZADA, S.A.;;;Textileras;TECNOLOGÍA TEXTIL AVANZADA, S.A.     Textileras
TEJIDOS CORPORATIVOS, S.A. (TEJICOR);;;Textileras;TEJIDOS CORPORATIVOS, S.A. (TEJICOR)     Textileras
TEXTILERA SANTA EMILIA, S.A.;;;Textileras;TEXTILERA SANTA EMILIA, S.A.     Textileras
TEXTILES CANTABRIA, S.A.;;;Textileras;TEXTILES CANTABRIA, S.A.     Textileras
TEXTILES CAPUANO, S.A.;;;Textileras;TEXTILES CAPUANO, S.A.     Textileras
TEXTILES DEL SUR INTERNACIONAL,S.A.;;;Textileras;TEXTILES DEL SUR INTERNACIONAL,S.A.     Textileras
TEXTILES INBAWCA, S.A.;;;Textileras;TEXTILES INBAWCA, S.A.     Textileras
TEXTILES LA ROCA, S.A.;;;Textileras;TEXTILES LA ROCA, S.A.     Textileras
TEXTILES PARAÍSO, S.A.;;;Textileras;TEXTILES PARAÍSO, S.A.     Textileras
TOP KNITTING, S.A.;;;Textileras;TOP KNITTING, S.A.     Textileras
ZIMATEX, S.A.;;;Textileras;ZIMATEX, S.A.     Textileras
3M GUATEMALA;;;Accesorios;3M GUATEMALA     Accesorios
AB LABELS;;;Accesorios;AB LABELS     Accesorios
ACABADOS Y SERIGRAFÍA, S.A. (ACSA);;;Accesorios;ACABADOS Y SERIGRAFÍA, S.A. (ACSA)     Accesorios
ACCESORIOS GLOBALES, S.A. (TATA);;;Accesorios;ACCESORIOS GLOBALES, S.A. (TATA)     Accesorios
ADMMANTEC;;;Accesorios;ADMMANTEC     Accesorios
AGENCIA MARÍTIMA GLOBAL, S.A.;;;Accesorios;AGENCIA MARÍTIMA GLOBAL, S.A.     Accesorios
AGENCIA PROVEEDORA EL PARAISO;;;Accesorios;AGENCIA PROVEEDORA EL PARAISO     Accesorios
AGENCIAS UNIDAS DE GUATEMALA;;;Accesorios;AGENCIAS UNIDAS DE GUATEMALA     Accesorios
AGIL CARGO;;;Accesorios;AGIL CARGO     Accesorios
AGUJAS INDUSTRIALES DE CENTRO AMÉRICA S.A.  (AICASA);;;Accesorios;AGUJAS INDUSTRIALES DE CENTRO AMÉRICA S.A.  (AICASA)     Accesorios
ALEKO, S.A.;;;Accesorios;ALEKO, S.A.     Accesorios
ALESGO;;;Accesorios;ALESGO     Accesorios
ALLTECH APPAREL SOLUTIONS, S.A.;;;Accesorios;ALLTECH APPAREL SOLUTIONS, S.A.     Accesorios
ALMACENADORA CORPORATIVA (ALCORSA);;;Accesorios;ALMACENADORA CORPORATIVA (ALCORSA)     Accesorios
ALMACENADORA DEL PAÍS (ALPASA);;;Accesorios;ALMACENADORA DEL PAÍS (ALPASA)     Accesorios
AMERICAN MARINE SURVEYORS AMS;;;Accesorios;AMERICAN MARINE SURVEYORS AMS     Accesorios
APL LOGISTICS DE GUATEMALA, S.A.;;;Accesorios;APL LOGISTICS DE GUATEMALA, S.A.     Accesorios
ARMADORA MARÍTIMA GUATEMALTECA (ARMAGUA);;;Accesorios;ARMADORA MARÍTIMA GUATEMALTECA (ARMAGUA)     Accesorios
ARTES TEXTILES DE C.A.;;;Accesorios;ARTES TEXTILES DE C.A.     Accesorios
ASESORÍA Y SERVICIOS AL COMERCIO EXTERIOR -ASCOMEX-;;;Accesorios;ASESORÍA Y SERVICIOS AL COMERCIO EXTERIOR -ASCOMEX-     Accesorios
ASHEBORO ELASTIC CORPORATION AEC;;;Accesorios;ASHEBORO ELASTIC CORPORATION AEC     Accesorios
AT IMPRESOS, S.A.;;;Accesorios;AT IMPRESOS, S.A.     Accesorios
ATL;;;Accesorios;ATL     Accesorios
BIAS Y CINTURONES INDUSTRIALES, S.A.;;;Accesorios;BIAS Y CINTURONES INDUSTRIALES, S.A.     Accesorios
BOLIM ACTIVEWEAR, S.A.;;;Accesorios;BOLIM ACTIVEWEAR, S.A.     Accesorios
BORDADO INDUSTRIAL;;;Accesorios;BORDADO INDUSTRIAL     Accesorios
BORDADOS SAN JOSÉ;;;Accesorios;BORDADOS SAN JOSÉ     Accesorios
BORDADOS Y SERIGRAFÍA HILSY;;;Accesorios;BORDADOS Y SERIGRAFÍA HILSY     Accesorios
BUREAU VERITAS CPS GUATEMALA , S.A.;;;Accesorios;BUREAU VERITAS CPS GUATEMALA , S.A.     Accesorios
C807;;;Accesorios;C807     Accesorios
CARGA GLOBAL, S.A.;;;Accesorios;CARGA GLOBAL, S.A.     Accesorios
CARGO, S.A.;;;Accesorios;CARGO, S.A.     Accesorios
CELIO, S.A.;;;Accesorios;CELIO, S.A.     Accesorios
CENTRAL DE EMPAQUES (CEMSA);;;Accesorios;CENTRAL DE EMPAQUES (CEMSA)     Accesorios
CENTRAL DE UNIFORMES;;;Accesorios;CENTRAL DE UNIFORMES     Accesorios
CFSG LOGISTICS;;;Accesorios;CFSG LOGISTICS     Accesorios
CLAROTEX GUATEMALA, S.A.;;;Accesorios;CLAROTEX GUATEMALA, S.A.     Accesorios
COIMPRO;;;Accesorios;COIMPRO     Accesorios
COLOR ART CORGUA S.A.;;;Accesorios;COLOR ART CORGUA S.A.     Accesorios
COMBEX-IM;;;Accesorios;COMBEX-IM     Accesorios
COMERCIAL OR Y CIA. LTDA.;;;Accesorios;COMERCIAL OR Y CIA. LTDA.     Accesorios
CORPORACIÓN ACRO;;;Accesorios;CORPORACIÓN ACRO     Accesorios
CORPORACIÓN AUTOMOTRIZ SÁNCHEZ (CORSA);;;Accesorios;CORPORACIÓN AUTOMOTRIZ SÁNCHEZ (CORSA)     Accesorios
CORPORACIÓN INDYKNIT, S.A.;;;Accesorios;CORPORACIÓN INDYKNIT, S.A.     Accesorios
CORTADORA QUETZALI;;;Accesorios;CORTADORA QUETZALI     Accesorios
COSERGESA;;;Accesorios;COSERGESA     Accesorios
CROPA;;;Accesorios;CROPA     Accesorios
CUSTOM MADE SERVICES, S.A.;;;Accesorios;CUSTOM MADE SERVICES, S.A.     Accesorios
DACOTRANS DE CENTROAMÉRICA, S.A.;;;Accesorios;DACOTRANS DE CENTROAMÉRICA, S.A.     Accesorios
DB SCHENKER;;;Accesorios;DB SCHENKER     Accesorios
DHL GLOBAL FORWARDING (GUATEMALA);;;Accesorios;DHL GLOBAL FORWARDING (GUATEMALA)     Accesorios
DISPROTEX INTERNACIONAL;;;Accesorios;DISPROTEX INTERNACIONAL     Accesorios
DISTRIBUIDORA AMÉRICA COMERCIAL (DACSA);;;Accesorios;DISTRIBUIDORA AMÉRICA COMERCIAL (DACSA)     Accesorios
DISTRIBUIDORA INNOVADOR;;;Accesorios;DISTRIBUIDORA INNOVADOR     Accesorios
DK PRINTING;;;Accesorios;DK PRINTING     Accesorios
DTM TEXTILES, S.A.;;;Accesorios;DTM TEXTILES, S.A.     Accesorios
EBENEZER FLEXIGRÁFICOS SOCIEDAD ANONIMA;;;Accesorios;EBENEZER FLEXIGRÁFICOS SOCIEDAD ANONIMA     Accesorios
EL TRAZO;;;Accesorios;EL TRAZO     Accesorios
ELTITEX GROUP;;;Accesorios;ELTITEX GROUP     Accesorios
EMBARQUES;;;Accesorios;EMBARQUES     Accesorios
EMPAQUES Y COMPLEMENTOS, S.A.;;;Accesorios;EMPAQUES Y COMPLEMENTOS, S.A.     Accesorios
ETIQUETAS COMERCIALES (ETICOM);;;Accesorios;ETIQUETAS COMERCIALES (ETICOM)     Accesorios
ETIQUETAS GRÁFICAS (ETIGRAFIC);;;Accesorios;ETIQUETAS GRÁFICAS (ETIGRAFIC)     Accesorios
ETIQUETAS Y BORDADOS DE GUATEMALA;;;Accesorios;ETIQUETAS Y BORDADOS DE GUATEMALA     Accesorios
ETITEX;;;Accesorios;ETITEX     Accesorios
FÁBRICA DE BOTONES DEL VALLE;;;Accesorios;FÁBRICA DE BOTONES DEL VALLE     Accesorios
FÁBRICA DE BOTONES SUPERIBO (FÁBRICA);;;Accesorios;FÁBRICA DE BOTONES SUPERIBO (FÁBRICA)     Accesorios
FÁBRICA DE ETIQUETAS DIAMANTE (FEDSA);;;Accesorios;FÁBRICA DE ETIQUETAS DIAMANTE (FEDSA)     Accesorios
FÁBRICA DE HILOS Y TEJIDOS JSR;;;Accesorios;FÁBRICA DE HILOS Y TEJIDOS JSR     Accesorios
FÁBRICA DE TEJIDOS EL SOL, S.A.;;;Accesorios;FÁBRICA DE TEJIDOS EL SOL, S.A.     Accesorios
FINOTEX GUATEMALA;;;Accesorios;FINOTEX GUATEMALA     Accesorios
FOAM SHOPS, TIENDAS DE ESPONJA;;;Accesorios;FOAM SHOPS, TIENDAS DE ESPONJA     Accesorios
FREUDENBERG TEXTILE TECHNOLOGIES, S. A.;;;Accesorios;FREUDENBERG TEXTILE TECHNOLOGIES, S. A.     Accesorios
GARCÍA VALDIZÁN & GARCÍA MACAL & CIA. LTDA CIFGA;;;Accesorios;GARCÍA VALDIZÁN & GARCÍA MACAL & CIA. LTDA CIFGA     Accesorios
GATSA – CONSULTORES Y DEFENSORES CASOS ADUANA;;;Accesorios;GATSA – CONSULTORES Y DEFENSORES CASOS ADUANA     Accesorios
GLOBAL OB, S.A.;;;Accesorios;GLOBAL OB, S.A.     Accesorios
GLOBAL SCREEN PRINTING S.A.;;;Accesorios;GLOBAL SCREEN PRINTING S.A.     Accesorios
GLORY INTERNATIONAL, S.A.;;;Accesorios;GLORY INTERNATIONAL, S.A.     Accesorios
GLOVIA;;;Accesorios;GLOVIA     Accesorios
GRAFIMAX;;;Accesorios;GRAFIMAX     Accesorios
GRUPO LOGÍSTICO;;;Accesorios;GRUPO LOGÍSTICO     Accesorios
GTC TRIM,S.A;;;Accesorios;GTC TRIM,S.A     Accesorios
GUATEX;;;Accesorios;GUATEX     Accesorios
ILJO GUATEMALA, S.A.;;;Accesorios;ILJO GUATEMALA, S.A.     Accesorios
INDEX;;;Accesorios;INDEX     Accesorios
INDUSTRIAS CHICHIMECAS;;;Accesorios;INDUSTRIAS CHICHIMECAS     Accesorios
INDUSTRIAS FUTURO;;;Accesorios;INDUSTRIAS FUTURO     Accesorios
INDUSTRIAS GALA DE GUATEMALA;;;Accesorios;INDUSTRIAS GALA DE GUATEMALA     Accesorios
INDUSTRIAS MEGACOLOR;;;Accesorios;INDUSTRIAS MEGACOLOR     Accesorios
INTERSERCOM LOGISTIC GROUP;;;Accesorios;INTERSERCOM LOGISTIC GROUP     Accesorios
INTERTEK DE GUATEMALA;;;Accesorios;INTERTEK DE GUATEMALA     Accesorios
INVERSIONES CASTA, S.A.;;;Accesorios;INVERSIONES CASTA, S.A.     Accesorios
IRO SUBLIMATION, S.A.;;;Accesorios;IRO SUBLIMATION, S.A.     Accesorios
JS PRINT GUATEMALA, S.A;;;Accesorios;JS PRINT GUATEMALA, S.A     Accesorios
KLIMP AMERICA, S.A.;;;Accesorios;KLIMP AMERICA, S.A.     Accesorios
KUEHNE + NAGEL;;;Accesorios;KUEHNE + NAGEL     Accesorios
LACOMA LATIN AMERICA;;;Accesorios;LACOMA LATIN AMERICA     Accesorios
LAINTEX;;;Accesorios;LAINTEX     Accesorios
LAVAINTEX;;;Accesorios;LAVAINTEX     Accesorios
LAVANDERÍA VICTORIA;;;Accesorios;LAVANDERÍA VICTORIA     Accesorios
LEE CHO TEXTIL;;;Accesorios;LEE CHO TEXTIL     Accesorios
LLATZER;;;Accesorios;LLATZER     Accesorios
MAERSK GUATEMALA;;;Accesorios;MAERSK GUATEMALA     Accesorios
MASPARACON, S.A.;;;Accesorios;MASPARACON, S.A.     Accesorios
MAXIM LABEL AND PACKAGING GUATEMALA;;;Accesorios;MAXIM LABEL AND PACKAGING GUATEMALA     Accesorios
MEGGSA GUATEMALA;;;Accesorios;MEGGSA GUATEMALA     Accesorios
MI BODEGA;;;Accesorios;MI BODEGA     Accesorios
MODA SPORT, S. A.;;;Accesorios;MODA SPORT, S. A.     Accesorios
MODAS TAE HO, S.A.;;;Accesorios;MODAS TAE HO, S.A.     Accesorios
NATCO GUATEMALA, S.A.;;;Accesorios;NATCO GUATEMALA, S.A.     Accesorios
NEXGEN PACKAGING LIMITADA;;;Accesorios;NEXGEN PACKAGING LIMITADA     Accesorios
NEXO LOGISTICS;;;Accesorios;NEXO LOGISTICS     Accesorios
NINGBO MH INDUSTRY;;;Accesorios;NINGBO MH INDUSTRY     Accesorios
NOBO S.A.;;;Accesorios;NOBO S.A.     Accesorios
NOVA CREATION;;;Accesorios;NOVA CREATION     Accesorios
NOVAPRINT, S.A.;;;Accesorios;NOVAPRINT, S.A.     Accesorios
NUEVO MUNDO TEXTIL S.A.;;;Accesorios;NUEVO MUNDO TEXTIL S.A.     Accesorios
OMEGA CARGO S.A.;;;Accesorios;OMEGA CARGO S.A.     Accesorios
P&G ENTERPRISE, S.A.;;;Accesorios;P&G ENTERPRISE, S.A.     Accesorios
P&K DYEHOUSE;;;Accesorios;P&K DYEHOUSE     Accesorios
PACIFIC BUYING AND MARKETING SERVICE GUATEMALA;;;Accesorios;PACIFIC BUYING AND MARKETING SERVICE GUATEMALA     Accesorios
PARQUE INDUSTRIAL ZETA LA UNIÓN, S.A.;;;Accesorios;PARQUE INDUSTRIAL ZETA LA UNIÓN, S.A.     Accesorios
PCC GUATEMALA, S.A;;;Accesorios;PCC GUATEMALA, S.A     Accesorios
POLICINTAS, S.A.;;;Accesorios;POLICINTAS, S.A.     Accesorios
POLY INDUSTRIA CENTROAMERICANA - ZIPPERS KDNA;;;Accesorios;POLY INDUSTRIA CENTROAMERICANA - ZIPPERS KDNA     Accesorios
PROMOCIONES INDUSTRIALES;;;Accesorios;PROMOCIONES INDUSTRIALES     Accesorios
QUICK SERVICE;;;Accesorios;QUICK SERVICE     Accesorios
QUICK SERVICE TEXTILE GUATEMALA SRL/ QST INDUSTRIES INC.;;;Accesorios;QUICK SERVICE TEXTILE GUATEMALA SRL/ QST INDUSTRIES INC.     Accesorios
REPRESENTACIONES DE CENTROAMÉRICA, S.A.;;;Accesorios;REPRESENTACIONES DE CENTROAMÉRICA, S.A.     Accesorios
REPRESENTACIONES S.Y.D.;;;Accesorios;REPRESENTACIONES S.Y.D.     Accesorios
REPRESENTACIONES TAMUB;;;Accesorios;REPRESENTACIONES TAMUB     Accesorios
RHINESTONE;;;Accesorios;RHINESTONE     Accesorios
SAMS & RUDIA / JNB GLOBAL;;;Accesorios;SAMS & RUDIA / JNB GLOBAL     Accesorios
SAMSUNG NEEDLE;;;Accesorios;SAMSUNG NEEDLE     Accesorios
SEABOARD MARINE;;;Accesorios;SEABOARD MARINE     Accesorios
SEIRO;;;Accesorios;SEIRO     Accesorios
SERCATEX SCREEN PRINTING;;;Accesorios;SERCATEX SCREEN PRINTING     Accesorios
SERIGRAFÍA DINÁMICA;;;Accesorios;SERIGRAFÍA DINÁMICA     Accesorios
SERIGRAFÍAS MODERNAS DE GUATEMALA;;;Accesorios;SERIGRAFÍAS MODERNAS DE GUATEMALA     Accesorios
SERIGRÁFICA ASENCIO;;;Accesorios;SERIGRÁFICA ASENCIO     Accesorios
SEROM TRIMS, S.A.;;;Accesorios;SEROM TRIMS, S.A.     Accesorios
SERTEXMA;;;Accesorios;SERTEXMA     Accesorios
SERVICIOS LOGÍSTICOS GLOBALES;;;Accesorios;SERVICIOS LOGÍSTICOS GLOBALES     Accesorios
SERVICIOS NAVIEROS Y PORTUARIOS;;;Accesorios;SERVICIOS NAVIEROS Y PORTUARIOS     Accesorios
SGS DE GUATEMALA, S. A.;;;Accesorios;SGS DE GUATEMALA, S. A.     Accesorios
SHARON APPAREL, S.A.;;;Accesorios;SHARON APPAREL, S.A.     Accesorios
SHIPPING LOGISTICS, S.A.;;;Accesorios;SHIPPING LOGISTICS, S.A.     Accesorios
SOLINTER;;;Accesorios;SOLINTER     Accesorios
SOLUCIONES INDUSTRIALES;;;Accesorios;SOLUCIONES INDUSTRIALES     Accesorios
SOLUCIONES Y EMPAQUES;;;Accesorios;SOLUCIONES Y EMPAQUES     Accesorios
SOVEREIGN LOGISTICS, S.A.;;;Accesorios;SOVEREIGN LOGISTICS, S.A.     Accesorios
TESA TAPE CENTRO AMÉRICA, S.A.;;;Accesorios;TESA TAPE CENTRO AMÉRICA, S.A.     Accesorios
TEXTILES CALO, S.A.;;;Accesorios;TEXTILES CALO, S.A.     Accesorios
TEXTILES GRAN FE;;;Accesorios;TEXTILES GRAN FE     Accesorios
TEXTILES PANORAMA;;;Accesorios;TEXTILES PANORAMA     Accesorios
THERMOPLASTICA, S.A.;;;Accesorios;THERMOPLASTICA, S.A.     Accesorios
TOTAL REFLECTIVE USA, S.A;;;Accesorios;TOTAL REFLECTIVE USA, S.A     Accesorios
TRANSCONTINENTAL;;;Accesorios;TRANSCONTINENTAL     Accesorios
TRANSPORTES PINEDA ROSSELL;;;Accesorios;TRANSPORTES PINEDA ROSSELL     Accesorios
TRIM SOLUTIONS INTERNATIONAL;;;Accesorios;TRIM SOLUTIONS INTERNATIONAL     Accesorios
UNIFORMES Y PROMOCIONALES TEXTILES S.A.;;;Accesorios;UNIFORMES Y PROMOCIONALES TEXTILES S.A.     Accesorios
UNITED AIRLINES;;;Accesorios;UNITED AIRLINES     Accesorios
UNITEX;;;Accesorios;UNITEX     Accesorios
UNIVERSIDAD DEL ISTMO;;;Accesorios;UNIVERSIDAD DEL ISTMO     Accesorios
UNO SK, S.A.;;;Accesorios;UNO SK, S.A.     Accesorios
UPS GUATEMALA;;;Accesorios;UPS GUATEMALA     Accesorios
VESSEL-NODO DESIGNS GUATEMALA;;;Accesorios;VESSEL-NODO DESIGNS GUATEMALA     Accesorios
W&W, DESIGN CO.;;;Accesorios;W&W, DESIGN CO.     Accesorios
WELLTEX GLOBAL S.A.;;;Accesorios;WELLTEX GLOBAL S.A.     Accesorios
WENDELL INTERLINING;;;Accesorios;WENDELL INTERLINING     Accesorios
WJ GUATEMALA;;;Accesorios;WJ GUATEMALA     Accesorios
WOORY BORDADOS;;;Accesorios;WOORY BORDADOS     Accesorios
WORLD SERIGRAFÍA S.A.;;;Accesorios;WORLD SERIGRAFÍA S.A.     Accesorios
YKK EL SALVADOR, S.A. DE C.V. SOCIEDAD EXTRANJERA;;;Accesorios;YKK EL SALVADOR, S.A. DE C.V. SOCIEDAD EXTRANJERA     Accesorios
ZERIGRAPH;;;Accesorios;ZERIGRAPH     Accesorios
ZONAS FRANCAS ACTUALES (ZOFRACSA);;;Accesorios;ZONAS FRANCAS ACTUALES (ZOFRACSA)     Accesorios
3M GUATEMALA;;;Maquinaria y Equipo;3M GUATEMALA     Maquinaria y Equipo
ADRIGUA, S.A.;;;Maquinaria y Equipo;ADRIGUA, S.A.     Maquinaria y Equipo
AGENCIA PROVEEDORA EL PARAISO;;;Maquinaria y Equipo;AGENCIA PROVEEDORA EL PARAISO     Maquinaria y Equipo
AGUJAS INDUSTRIALES DE CENTRO AMÉRICA S.A. (AICASA);;;Maquinaria y Equipo;AGUJAS INDUSTRIALES DE CENTRO AMÉRICA S.A. (AICASA)     Maquinaria y Equipo
AMERICA CENTRAL THREAD;;;Maquinaria y Equipo;AMERICA CENTRAL THREAD     Maquinaria y Equipo
BEST CAJAS;;;Maquinaria y Equipo;BEST CAJAS     Maquinaria y Equipo
BRAIFORM;;;Maquinaria y Equipo;BRAIFORM     Maquinaria y Equipo
CARTONES DE GUATEMALA;;;Maquinaria y Equipo;CARTONES DE GUATEMALA     Maquinaria y Equipo
CENTRAL DE EMPAQUES (CEMSA);;;Maquinaria y Equipo;CENTRAL DE EMPAQUES (CEMSA)     Maquinaria y Equipo
CHROMA INDUSTRIAL, S.A.;;;Maquinaria y Equipo;CHROMA INDUSTRIAL, S.A.     Maquinaria y Equipo
CIMESA;;;Maquinaria y Equipo;CIMESA     Maquinaria y Equipo
COATS - GUATEMALA THREAD COMPANY, S.A.;;;Maquinaria y Equipo;COATS - GUATEMALA THREAD COMPANY, S.A.     Maquinaria y Equipo
COIMPRO;;;Maquinaria y Equipo;COIMPRO     Maquinaria y Equipo
COLORMAX SYSTEMS, S.A.;;;Maquinaria y Equipo;COLORMAX SYSTEMS, S.A.     Maquinaria y Equipo
CORRUGADORA GUATEMALA;;;Maquinaria y Equipo;CORRUGADORA GUATEMALA     Maquinaria y Equipo
CORTADORA QUETZALI;;;Maquinaria y Equipo;CORTADORA QUETZALI     Maquinaria y Equipo
DEAJIN, S.A.;;;Maquinaria y Equipo;DEAJIN, S.A.     Maquinaria y Equipo
DELTAGROUP, S.A.;;;Maquinaria y Equipo;DELTAGROUP, S.A.     Maquinaria y Equipo
DGTECH;;;Maquinaria y Equipo;DGTECH     Maquinaria y Equipo
DIBARSA;;;Maquinaria y Equipo;DIBARSA     Maquinaria y Equipo
DISTRIBUIDORA AMÉRICA COMERCIAL (DACSA);;;Maquinaria y Equipo;DISTRIBUIDORA AMÉRICA COMERCIAL (DACSA)     Maquinaria y Equipo
DISTRIBUIDORA TEXTUFIL;;;Maquinaria y Equipo;DISTRIBUIDORA TEXTUFIL     Maquinaria y Equipo
EMPAQUES Y COMPLEMENTOS, S.A.;;;Maquinaria y Equipo;EMPAQUES Y COMPLEMENTOS, S.A.     Maquinaria y Equipo
EPSON;;;Maquinaria y Equipo;EPSON     Maquinaria y Equipo
EQUIPOS SERIGRÁFICOS Y DIGITALES, S.A.;;;Maquinaria y Equipo;EQUIPOS SERIGRÁFICOS Y DIGITALES, S.A.     Maquinaria y Equipo
ETITEX;;;Maquinaria y Equipo;ETITEX     Maquinaria y Equipo
FREM COLOR, S.A.;;;Maquinaria y Equipo;FREM COLOR, S.A.     Maquinaria y Equipo
GRUPO DIRECTO, S.A.;;;Maquinaria y Equipo;GRUPO DIRECTO, S.A.     Maquinaria y Equipo
GRUPO DISTEXMA;;;Maquinaria y Equipo;GRUPO DISTEXMA     Maquinaria y Equipo
HB MAINETTI TRIM, S.A.;;;Maquinaria y Equipo;HB MAINETTI TRIM, S.A.     Maquinaria y Equipo
HILCOSA GUATEMALA;;;Maquinaria y Equipo;HILCOSA GUATEMALA     Maquinaria y Equipo
HILOS A&E DE GUATEMALA;;;Maquinaria y Equipo;HILOS A&E DE GUATEMALA     Maquinaria y Equipo
HILOS Y ALGODÓN S.A.;;;Maquinaria y Equipo;HILOS Y ALGODÓN S.A.     Maquinaria y Equipo
INDUSTRIAS ILYANG;;;Maquinaria y Equipo;INDUSTRIAS ILYANG     Maquinaria y Equipo
INDUSTRIAS ITALTEX, S.A.;;;Maquinaria y Equipo;INDUSTRIAS ITALTEX, S.A.     Maquinaria y Equipo
INDUSTRIAS METÁLICAS DE CENTROAMÉRICA;;;Maquinaria y Equipo;INDUSTRIAS METÁLICAS DE CENTROAMÉRICA     Maquinaria y Equipo
INDUSTRIAS TECNIFORM, S. A.;;;Maquinaria y Equipo;INDUSTRIAS TECNIFORM, S. A.     Maquinaria y Equipo
INKCUPS NOW CENTRO Y SUR AMÉRICA;;;Maquinaria y Equipo;INKCUPS NOW CENTRO Y SUR AMÉRICA     Maquinaria y Equipo
JC NIEMANN;;;Maquinaria y Equipo;JC NIEMANN     Maquinaria y Equipo
KLIMP AMERICA, S.A.;;;Maquinaria y Equipo;KLIMP AMERICA, S.A.     Maquinaria y Equipo
KOGUA, S.A.;;;Maquinaria y Equipo;KOGUA, S.A.     Maquinaria y Equipo
LAMA MAQUINARIA;;;Maquinaria y Equipo;LAMA MAQUINARIA     Maquinaria y Equipo
MANUCHAR GUATEMALA;;;Maquinaria y Equipo;MANUCHAR GUATEMALA     Maquinaria y Equipo
MAPRIMAQ, S.A.;;;Maquinaria y Equipo;MAPRIMAQ, S.A.     Maquinaria y Equipo
MA-RES;;;Maquinaria y Equipo;MA-RES     Maquinaria y Equipo
MASPARACON, S.A.;;;Maquinaria y Equipo;MASPARACON, S.A.     Maquinaria y Equipo
MEGAPLASTIC, S.A.;;;Maquinaria y Equipo;MEGAPLASTIC, S.A.     Maquinaria y Equipo
METRO CARTONES INT'L;;;Maquinaria y Equipo;METRO CARTONES INT'L     Maquinaria y Equipo
MULTITELAS, S.A;;;Maquinaria y Equipo;MULTITELAS, S.A     Maquinaria y Equipo
NATIVO INTERNACIONAL TRADING, S.A.;;;Maquinaria y Equipo;NATIVO INTERNACIONAL TRADING, S.A.     Maquinaria y Equipo
NEXGEN PACKAGING LIMITADA;;;Maquinaria y Equipo;NEXGEN PACKAGING LIMITADA     Maquinaria y Equipo
NINGBO MH INDUSTRY;;;Maquinaria y Equipo;NINGBO MH INDUSTRY     Maquinaria y Equipo
PACÍFICA CARIBIANA S.A.;;;Maquinaria y Equipo;PACÍFICA CARIBIANA S.A.     Maquinaria y Equipo
PLASTIC UNI, S.A.;;;Maquinaria y Equipo;PLASTIC UNI, S.A.     Maquinaria y Equipo
PLÁSTICOS AGRO INDUSTRIALES, S.A.;;;Maquinaria y Equipo;PLÁSTICOS AGRO INDUSTRIALES, S.A.     Maquinaria y Equipo
PROCHEM;;;Maquinaria y Equipo;PROCHEM     Maquinaria y Equipo
PROQUIRSA;;;Maquinaria y Equipo;PROQUIRSA     Maquinaria y Equipo
QC INTERNACIONAL;;;Maquinaria y Equipo;QC INTERNACIONAL     Maquinaria y Equipo
QUÍMICAS DE MESOAMÉRICA, S.A.;;;Maquinaria y Equipo;QUÍMICAS DE MESOAMÉRICA, S.A.     Maquinaria y Equipo
REDESAL, S.A.;;;Maquinaria y Equipo;REDESAL, S.A.     Maquinaria y Equipo
REPRESENTACIONES LEONARDO DA VINCI;;;Maquinaria y Equipo;REPRESENTACIONES LEONARDO DA VINCI     Maquinaria y Equipo
REPRESENTACIONES TAMUB;;;Maquinaria y Equipo;REPRESENTACIONES TAMUB     Maquinaria y Equipo
RHINESTONE;;;Maquinaria y Equipo;RHINESTONE     Maquinaria y Equipo
S.M. MAQUINARIA;;;Maquinaria y Equipo;S.M. MAQUINARIA     Maquinaria y Equipo
SAYO TRADING, S.A.;;;Maquinaria y Equipo;SAYO TRADING, S.A.     Maquinaria y Equipo
SERTEXMA;;;Maquinaria y Equipo;SERTEXMA     Maquinaria y Equipo
SERVICIOS ARTES GRÁFICAS, S.A.;;;Maquinaria y Equipo;SERVICIOS ARTES GRÁFICAS, S.A.     Maquinaria y Equipo
SINAI REPUESTOS Y MÁQUINAS, S.A.;;;Maquinaria y Equipo;SINAI REPUESTOS Y MÁQUINAS, S.A.     Maquinaria y Equipo
SM GLOBAL;;;Maquinaria y Equipo;SM GLOBAL     Maquinaria y Equipo
SOLUCIONES Y EMPAQUES;;;Maquinaria y Equipo;SOLUCIONES Y EMPAQUES     Maquinaria y Equipo
SUMERLOSA, S. A.;;;Maquinaria y Equipo;SUMERLOSA, S. A.     Maquinaria y Equipo
SUMINISTROS THERMICOS Y SERVICIOS, S.A.;;;Maquinaria y Equipo;SUMINISTROS THERMICOS Y SERVICIOS, S.A.     Maquinaria y Equipo
SUNSTAR;;;Maquinaria y Equipo;SUNSTAR     Maquinaria y Equipo
TELAS LAFAYETTE DE GUATEMALA, S.A.;;;Maquinaria y Equipo;TELAS LAFAYETTE DE GUATEMALA, S.A.     Maquinaria y Equipo
TEXTILES CALO, S.A.;;;Maquinaria y Equipo;TEXTILES CALO, S.A.     Maquinaria y Equipo
TEXTILES YOUM KWANG, S.A.;;;Maquinaria y Equipo;TEXTILES YOUM KWANG, S.A.     Maquinaria y Equipo
THERMOPLASTICA, S.A.;;;Maquinaria y Equipo;THERMOPLASTICA, S.A.     Maquinaria y Equipo
TRIM SOLUTIONS INTERNATIONAL;;;Maquinaria y Equipo;TRIM SOLUTIONS INTERNATIONAL     Maquinaria y Equipo
UNITEX;;;Maquinaria y Equipo;UNITEX     Maquinaria y Equipo
VME;;;Maquinaria y Equipo;VME     Maquinaria y Equipo
